{
    "led_1": {
        "id": 1,
        "position": [
            -0.6285627906976745,
            -0.4867255813953489,
            534.8837209302326
        ]
    },
    "led_5": {
        "id": 5,
        "position": [
            -0.9192272727272728,
            -0.7781818181818182,
            871.2121212121212
        ]
    },
    "led_6": {
        "id": 6,
        "position": [
            -0.9123157894736843,
            -0.7723308270676692,
            864.6616541353384
        ]
    },
    "led_7": {
        "id": 7,
        "position": [
            -0.8780294117647061,
            -0.8355441176470589,
            845.5882352941177
        ]
    },
    "led_8": {
        "id": 8,
        "position": [
            -0.9486268656716418,
            -0.9174850746268658,
            858.2089552238806
        ]
    },
    "led_9": {
        "id": 9,
        "position": [
            -0.8821726618705037,
            -0.9676187050359714,
            827.3381294964029
        ]
    },
    "led_10": {
        "id": 10,
        "position": [
            -0.7186833333333333,
            -0.7828833333333335,
            638.8888888888889
        ]
    },
    "led_11": {
        "id": 11,
        "position": [
            -0.56924,
            -0.6648266666666667,
            511.1111111111111
        ]
    },
    "led_12": {
        "id": 12,
        "position": [
            -0.5653008849557523,
            -0.6562035398230089,
            508.8495575221239
        ]
    },
    "led_13": {
        "id": 13,
        "position": [
            -0.4405448275862069,
            -0.5069586206896551,
            396.55172413793105
        ]
    },
    "led_14": {
        "id": 14,
        "position": [
            -0.44872183098591556,
            -0.48036971830985914,
            404.92957746478874
        ]
    },
    "led_15": {
        "id": 15,
        "position": [
            -0.42002033898305086,
            -0.3612610169491526,
            389.8305084745763
        ]
    },
    "led_16": {
        "id": 16,
        "position": [
            -0.46353358208955225,
            -0.39765671641791045,
            429.1044776119403
        ]
    },
    "led_17": {
        "id": 17,
        "position": [
            -0.4496360294117648,
            -0.33634191176470596,
            422.79411764705884
        ]
    },
    "led_18": {
        "id": 18,
        "position": [
            -0.48792,
            -0.33500727272727276,
            418.1818181818182
        ]
    },
    "led_19": {
        "id": 19,
        "position": [
            -0.69015,
            -0.5048454545454546,
            522.7272727272727
        ]
    },
    "led_20": {
        "id": 20,
        "position": [
            -0.619726530612245,
            -0.453330612244898,
            469.38775510204084
        ]
    },
    "led_21": {
        "id": 21,
        "position": [
            -0.791265,
            -0.614715,
            575.0
        ]
    },
    "led_22": {
        "id": 22,
        "position": [
            -0.8078246445497631,
            -0.6130947867298578,
            545.0236966824644
        ]
    },
    "led_23": {
        "id": 23,
        "position": [
            -0.7868232558139535,
            -0.6584232558139537,
            534.8837209302326
        ]
    },
    "led_24": {
        "id": 24,
        "position": [
            -0.7868232558139535,
            -0.6584232558139537,
            534.8837209302326
        ]
    },
    "led_25": {
        "id": 25,
        "position": [
            -1.277536912751678,
            -0.9436107382550336,
            771.8120805369127
        ]
    },
    "led_26": {
        "id": 26,
        "position": [
            -1.483409090909091,
            -0.9873181818181819,
            871.2121212121212
        ]
    },
    "led_27": {
        "id": 27,
        "position": [
            -1.4049565217391307,
            -0.8466956521739132,
            833.3333333333334
        ]
    },
    "led_28": {
        "id": 28,
        "position": [
            -2.477364705882353,
            -1.3028823529411766,
            1352.9411764705883
        ]
    },
    "led_29": {
        "id": 29,
        "position": [
            -3.583622950819672,
            -1.9628360655737704,
            1885.2459016393443
        ]
    },
    "led_30": {
        "id": 30,
        "position": [
            -3.6433500000000003,
            -1.9902000000000002,
            1916.6666666666667
        ]
    },
    "led_31": {
        "id": 31,
        "position": [
            -3.181676470588236,
            -1.8127058823529414,
            1691.1764705882354
        ]
    },
    "led_32": {
        "id": 32,
        "position": [
            -3.181676470588236,
            -2.025132352941177,
            1691.1764705882354
        ]
    },
    "led_33": {
        "id": 33,
        "position": [
            -3.181676470588236,
            -2.025132352941177,
            1691.1764705882354
        ]
    },
    "led_34": {
        "id": 34,
        "position": [
            -2.732615384615385,
            -1.7202307692307695,
            1474.3589743589744
        ]
    },
    "led_35": {
        "id": 35,
        "position": [
            -2.06082,
            -1.38351,
            1150.0
        ]
    },
    "led_36": {
        "id": 36,
        "position": [
            -1.2971020408163265,
            -0.8712857142857144,
            782.3129251700681
        ]
    },
    "led_37": {
        "id": 37,
        "position": [
            -1.4564776119402985,
            -0.9222761194029852,
            858.2089552238806
        ]
    },
    "led_38": {
        "id": 38,
        "position": [
            -1.5544488188976378,
            -0.8871732283464566,
            905.511811023622
        ]
    },
    "led_39": {
        "id": 39,
        "position": [
            -1.5544488188976378,
            -0.8871732283464566,
            905.511811023622
        ]
    },
    "led_40": {
        "id": 40,
        "position": [
            -1.215658064516129,
            -0.6875612903225806,
            741.9354838709677
        ]
    },
    "led_41": {
        "id": 41,
        "position": [
            -1.0171011235955056,
            -0.642,
            646.0674157303371
        ]
    },
    "led_42": {
        "id": 42,
        "position": [
            -1.0022333333333333,
            -0.6348666666666668,
            638.8888888888889
        ]
    },
    "led_43": {
        "id": 43,
        "position": [
            -1.0478620689655174,
            -0.5848103448275862,
            660.919540229885
        ]
    },
    "led_44": {
        "id": 44,
        "position": [
            -1.0022333333333333,
            -0.5207333333333334,
            638.8888888888889
        ]
    },
    "led_45": {
        "id": 45,
        "position": [
            -0.8942142857142857,
            -0.48477551020408166,
            586.734693877551
        ]
    },
    "led_46": {
        "id": 46,
        "position": [
            -0.7282599118942732,
            -0.41433039647577097,
            506.6079295154185
        ]
    },
    "led_47": {
        "id": 47,
        "position": [
            -0.7766129032258063,
            -0.4467373271889401,
            529.9539170506912
        ]
    },
    "led_48": {
        "id": 48,
        "position": [
            -0.6551557377049182,
            -0.42361475409836075,
            471.3114754098361
        ]
    },
    "led_49": {
        "id": 49,
        "position": [
            -0.6551557377049182,
            -0.42361475409836075,
            471.3114754098361
        ]
    }
}