{
    "led_0": {
        "id": 0,
        "position": [
            244,
            96,
            0.6172839506172839
        ]
    },
    "led_1": {
        "id": 1,
        "position": [
            366,
            466,
            0.43859649122807015
        ]
    },
    "led_2": {
        "id": 2,
        "position": [
            384,
            441,
            1.3513513513513513
        ]
    },
    "led_3": {
        "id": 3,
        "position": [
            377,
            374,
            0.3968253968253968
        ]
    },
    "led_4": {
        "id": 4,
        "position": [
            391,
            388,
            1.9230769230769231
        ]
    },
    "led_5": {
        "id": 5,
        "position": [
            378,
            329,
            0.3787878787878788
        ]
    },
    "led_6": {
        "id": 6,
        "position": [
            406,
            328,
            0.4166666666666667
        ]
    },
    "led_7": {
        "id": 7,
        "position": [
            385,
            271,
            0.45045045045045046
        ]
    },
    "led_8": {
        "id": 8,
        "position": [
            397,
            262,
            1.3888888888888888
        ]
    },
    "led_9": {
        "id": 9,
        "position": [
            413,
            235,
            1.3513513513513513
        ]
    },
    "led_10": {
        "id": 10,
        "position": [
            389,
            236,
            0.9615384615384616
        ]
    },
    "led_11": {
        "id": 11,
        "position": [
            416,
            173,
            1.4285714285714286
        ]
    },
    "led_12": {
        "id": 12,
        "position": [
            411,
            145,
            2.0833333333333335
        ]
    },
    "led_13": {
        "id": 13,
        "position": [
            409,
            151,
            16.666666666666668
        ]
    },
    "led_14": {
        "id": 14,
        "position": [
            423,
            145,
            0.49504950495049505
        ]
    },
    "led_15": {
        "id": 15,
        "position": [
            421,
            137,
            0.5102040816326531
        ]
    },
    "led_16": {
        "id": 16,
        "position": [
            400,
            158,
            0.7575757575757576
        ]
    },
    "led_17": {
        "id": 17,
        "position": [
            406,
            197,
            0.8064516129032258
        ]
    },
    "led_18": {
        "id": 18,
        "position": [
            401,
            235,
            0.7692307692307693
        ]
    },
    "led_19": {
        "id": 19,
        "position": [
            413,
            272,
            0.8064516129032258
        ]
    },
    "led_20": {
        "id": 20,
        "position": [
            420,
            310,
            0.6578947368421053
        ]
    },
    "led_21": {
        "id": 21,
        "position": [
            399,
            344,
            0.3472222222222222
        ]
    },
    "led_22": {
        "id": 22,
        "position": [
            382,
            377,
            0.704225352112676
        ]
    },
    "led_23": {
        "id": 23,
        "position": [
            375,
            369,
            0.49504950495049505
        ]
    },
    "led_24": {
        "id": 24,
        "position": [
            352,
            335,
            0.5952380952380952
        ]
    },
    "led_25": {
        "id": 25,
        "position": [
            317,
            339,
            0.847457627118644
        ]
    },
    "led_26": {
        "id": 26,
        "position": [
            288,
            317,
            0.9615384615384616
        ]
    },
    "led_27": {
        "id": 27,
        "position": [
            274,
            283,
            0.9090909090909091
        ]
    },
    "led_28": {
        "id": 28,
        "position": [
            268,
            241,
            1.0
        ]
    },
    "led_29": {
        "id": 29,
        "position": [
            273,
            202,
            0.7692307692307693
        ]
    },
    "led_30": {
        "id": 30,
        "position": [
            294,
            167,
            0.78125
        ]
    },
    "led_31": {
        "id": 31,
        "position": [
            295,
            141,
            0.22321428571428573
        ]
    },
    "led_32": {
        "id": 32,
        "position": [
            282,
            149,
            2.9411764705882355
        ]
    },
    "led_33": {
        "id": 33,
        "position": [
            288,
            154,
            8.333333333333334
        ]
    },
    "led_34": {
        "id": 34,
        "position": [
            431,
            244,
            0.5555555555555556
        ]
    },
    "led_35": {
        "id": 35,
        "position": [
            309,
            163,
            1.3513513513513513
        ]
    },
    "led_36": {
        "id": 36,
        "position": [
            287,
            173,
            0.9803921568627451
        ]
    },
    "led_37": {
        "id": 37,
        "position": [
            266,
            197,
            0.9433962264150944
        ]
    },
    "led_38": {
        "id": 38,
        "position": [
            243,
            216,
            1.0204081632653061
        ]
    },
    "led_39": {
        "id": 39,
        "position": [
            211,
            215,
            1.0416666666666667
        ]
    },
    "led_40": {
        "id": 40,
        "position": [
            183,
            198,
            0.8771929824561403
        ]
    },
    "led_41": {
        "id": 41,
        "position": [
            173,
            165,
            0.819672131147541
        ]
    },
    "led_42": {
        "id": 42,
        "position": [
            431,
            243,
            0.23255813953488372
        ]
    },
    "led_43": {
        "id": 43,
        "position": [
            162,
            133,
            1.6666666666666667
        ]
    },
    "led_44": {
        "id": 44,
        "position": [
            156,
            128,
            4.166666666666667
        ]
    },
    "led_45": {
        "id": 45,
        "position": [
            145,
            144,
            12.5
        ]
    },
    "led_46": {
        "id": 46,
        "position": [
            137,
            186,
            5.555555555555555
        ]
    },
    "led_47": {
        "id": 47,
        "position": [
            138,
            230,
            6.25
        ]
    },
    "led_48": {
        "id": 48,
        "position": [
            138,
            272,
            16.666666666666668
        ]
    },
    "led_49": {
        "id": 49,
        "position": [
            148,
            303,
            25.0
        ]
    }
}