{
    "led_1": {
        "id": 1,
        "position": [
            251.33333333333334,
            215.0,
            0.005199306759098786
        ]
    },
    "led_2": {
        "id": 2,
        "position": [
            264.3333333333333,
            216.0,
            0.004761904761904762
        ]
    },
    "led_3": {
        "id": 3,
        "position": [
            265.6666666666667,
            214.33333333333334,
            0.0048
        ]
    },
    "led_4": {
        "id": 4,
        "position": [
            272.3333333333333,
            208.33333333333334,
            0.004615384615384616
        ]
    },
    "led_5": {
        "id": 5,
        "position": [
            281.0,
            202.0,
            0.004405286343612335
        ]
    },
    "led_6": {
        "id": 6,
        "position": [
            287.3333333333333,
            192.0,
            0.0042313117066290545
        ]
    },
    "led_7": {
        "id": 7,
        "position": [
            286.6666666666667,
            184.33333333333334,
            0.0043541364296081275
        ]
    },
    "led_8": {
        "id": 8,
        "position": [
            292.0,
            173.66666666666666,
            0.0041265474552957355
        ]
    },
    "led_9": {
        "id": 9,
        "position": [
            292.3333333333333,
            163.33333333333334,
            0.00411522633744856
        ]
    },
    "led_10": {
        "id": 10,
        "position": [
            290.0,
            153.33333333333334,
            0.004160887656033287
        ]
    },
    "led_11": {
        "id": 11,
        "position": [
            277.0,
            152.33333333333334,
            0.004310344827586207
        ]
    },
    "led_12": {
        "id": 12,
        "position": [
            312.6666666666667,
            143.66666666666666,
            0.003931847968545216
        ]
    },
    "led_13": {
        "id": 13,
        "position": [
            257.6666666666667,
            151.0,
            0.004975124378109453
        ]
    },
    "led_14": {
        "id": 14,
        "position": [
            248.33333333333334,
            155.66666666666666,
            0.005190311418685122
        ]
    },
    "led_15": {
        "id": 15,
        "position": [
            296.0,
            158.0,
            0.004166666666666667
        ]
    },
    "led_16": {
        "id": 16,
        "position": [
            296.3333333333333,
            170.66666666666666,
            0.004155124653739612
        ]
    },
    "led_17": {
        "id": 17,
        "position": [
            298.3333333333333,
            183.66666666666666,
            0.00411522633744856
        ]
    },
    "led_18": {
        "id": 18,
        "position": [
            251.33333333333334,
            245.33333333333334,
            0.005084745762711865
        ]
    },
    "led_19": {
        "id": 19,
        "position": [
            298.3333333333333,
            206.33333333333334,
            0.004098360655737705
        ]
    },
    "led_20": {
        "id": 20,
        "position": [
            298.3333333333333,
            217.66666666666666,
            0.004092769440654843
        ]
    },
    "led_21": {
        "id": 21,
        "position": [
            302.0,
            225.66666666666666,
            0.004048582995951417
        ]
    },
    "led_22": {
        "id": 22,
        "position": [
            309.6666666666667,
            229.33333333333334,
            0.0038314176245210726
        ]
    },
    "led_23": {
        "id": 23,
        "position": [
            298.0,
            209.66666666666666,
            0.004043126684636119
        ]
    },
    "led_24": {
        "id": 24,
        "position": [
            296.3333333333333,
            199.0,
            0.004032258064516129
        ]
    },
    "led_25": {
        "id": 25,
        "position": [
            296.0,
            186.66666666666666,
            0.004032258064516129
        ]
    },
    "led_26": {
        "id": 26,
        "position": [
            295.3333333333333,
            176.33333333333334,
            0.0040595399188092015
        ]
    },
    "led_27": {
        "id": 27,
        "position": [
            296.0,
            163.66666666666666,
            0.00407055630936228
        ]
    },
    "led_28": {
        "id": 28,
        "position": [
            296.6666666666667,
            150.66666666666666,
            0.004054054054054054
        ]
    },
    "led_29": {
        "id": 29,
        "position": [
            299.6666666666667,
            139.33333333333334,
            0.004021447721179625
        ]
    },
    "led_30": {
        "id": 30,
        "position": [
            310.0,
            139.66666666666666,
            0.0039011703511053317
        ]
    },
    "led_31": {
        "id": 31,
        "position": [
            320.0,
            140.66666666666666,
            0.003712871287128713
        ]
    },
    "led_32": {
        "id": 32,
        "position": [
            332.0,
            142.0,
            0.0034682080924855496
        ]
    },
    "led_33": {
        "id": 33,
        "position": [
            333.3333333333333,
            149.33333333333334,
            0.0034443168771526983
        ]
    },
    "led_34": {
        "id": 34,
        "position": [
            334.0,
            160.33333333333334,
            0.003436426116838488
        ]
    },
    "led_35": {
        "id": 35,
        "position": [
            334.3333333333333,
            172.0,
            0.0034168564920273345
        ]
    },
    "led_36": {
        "id": 36,
        "position": [
            334.3333333333333,
            184.0,
            0.003424657534246575
        ]
    },
    "led_37": {
        "id": 37,
        "position": [
            335.3333333333333,
            195.0,
            0.0034168564920273345
        ]
    },
    "led_38": {
        "id": 38,
        "position": [
            336.6666666666667,
            206.0,
            0.0033975084937712344
        ]
    },
    "led_39": {
        "id": 39,
        "position": [
            338.6666666666667,
            216.66666666666666,
            0.0033821871476888386
        ]
    },
    "led_40": {
        "id": 40,
        "position": [
            342.3333333333333,
            225.33333333333334,
            0.0033594624860022394
        ]
    },
    "led_41": {
        "id": 41,
        "position": [
            344.6666666666667,
            221.33333333333334,
            0.0033707865168539322
        ]
    },
    "led_42": {
        "id": 42,
        "position": [
            345.0,
            209.33333333333334,
            0.0033707865168539322
        ]
    },
    "led_43": {
        "id": 43,
        "position": [
            345.3333333333333,
            198.33333333333334,
            0.0033594624860022394
        ]
    },
    "led_44": {
        "id": 44,
        "position": [
            344.6666666666667,
            186.0,
            0.0033482142857142855
        ]
    },
    "led_45": {
        "id": 45,
        "position": [
            344.6666666666667,
            174.0,
            0.0033444816053511705
        ]
    },
    "led_46": {
        "id": 46,
        "position": [
            284.5,
            167.0,
            0.0022624434389140274
        ]
    },
    "led_47": {
        "id": 47,
        "position": [
            345.3333333333333,
            148.66666666666666,
            0.0033259423503325942
        ]
    },
    "led_48": {
        "id": 48,
        "position": [
            341.0,
            138.0,
            0.0034168564920273345
        ]
    },
    "led_49": {
        "id": 49,
        "position": [
            329.0,
            138.0,
            0.002380952380952381
        ]
    },
    "led_50": {
        "id": 50,